{
  "feature": "minecraft:glow_lichen",
  "placement": [
    {
      "type": "minecraft:count",
      "count": 256
    },
    {
      "type": "minecraft:height_range",
      "height": {
        "type": "minecraft:uniform",
        "min_inclusive": {
          "above_bottom": -64
        },
        "max_inclusive": {
          "absolute": 2031
        }
      }
    },
    {
      "type": "minecraft:in_square"
    },
    {
      "type": "minecraft:surface_relative_threshold_filter",
      "heightmap": "OCEAN_FLOOR_WG",
      "max_inclusive": -13
    },
    {
      "type": "minecraft:biome"
    }
  ]
}