{
  "type": "minecraft:spline",
  "spline": {
    "coordinate": "minecraft:determiner/overworld/1",
    "points": [
      {
        "location": -0.7,
        "derivative": 0,
        "value": {
          "coordinate": {
            "type": "minecraft:y_clamped_gradient",
            "from_y": -64,
            "to_y": 2032,
            "from_value": -64,
            "to_value": 2032
          },
          "points": [
            {
              "location": 1299,
              "derivative": 0,
              "value": 0
            },
            {
              "location": 1300,
              "derivative": 0,
              "value": 1
            },
            {
              "location": 1301,
              "derivative": 0,
              "value": 0
            }
          ]
        }
      },
      {
        "location": -0.7,
        "derivative": 0,
        "value": {
          "coordinate": {
            "type": "minecraft:y_clamped_gradient",
            "from_y": -64,
            "to_y": 2032,
            "from_value": -64,
            "to_value": 2032
          },
          "points": [
            {
              "location": 62,
              "derivative": 0,
              "value": 0
            },
            {
              "location": 63,
              "derivative": 0,
              "value": 1
            },
            {
              "location": 64,
              "derivative": 0,
              "value": 0
            }
          ]
        }
      },
      {
        "location": 0.7,
        "derivative": 0,
        "value": {
          "coordinate": {
            "type": "minecraft:y_clamped_gradient",
            "from_y": -64,
            "to_y": 2032,
            "from_value": -64,
            "to_value": 2032
          },
          "points": [
            {
              "location": 62,
              "derivative": 0,
              "value": 0
            },
            {
              "location": 63,
              "derivative": 0,
              "value": 1
            },
            {
              "location": 64,
              "derivative": 0,
              "value": 0
            }
          ]
        }
      },
      {
        "location": 0.7,
        "derivative": 0,
        "value": {
          "coordinate": {
            "type": "minecraft:y_clamped_gradient",
            "from_y": -64,
            "to_y": 2032,
            "from_value": -64,
            "to_value": 2032
          },
          "points": [
            {
              "location": 1299,
              "derivative": 0,
              "value": 0
            },
            {
              "location": 1300,
              "derivative": 0,
              "value": 1
            },
            {
              "location": 1301,
              "derivative": 0,
              "value": 0
            }
          ]
        }
      }
    ]
  }
}
