{
  "type": "minecraft:spline",
  "spline": {
    "coordinate": {
      "type": "minecraft:abs",
      "argument": "minecraft:determiner/overworld/smart"
    },
    "points": [
      {
        "location": 0.31,
        "derivative": 0,
        "value": {
          "coordinate": "minecraft:new_surface/height/unprocessed/unrivered",
          "points": [
            {
              "location": 0,
              "derivative": 1,
              "value": 0
            }
          ]
        }
      },
      {
        "location": 0.32,
        "derivative": 0,
        "value": {
          "coordinate": {
            "type": "minecraft:add",
            "argument1": "minecraft:new_surface/height/unprocessed/unrivered",
            "argument2": 0
          },
          "points": [
            {
              "location": 0,
              "derivative": 1,
              "value": 0
            }
          ]
        }
      },
      {
        "location": 0.33,
        "derivative": 0,
        "value": {
          "coordinate": "minecraft:new_surface/height/unprocessed/unrivered",
          "points": [
            {
              "location": 0,
              "derivative": 1,
              "value": 0
            }
          ]
        }
      }
    ]
  }
}
